id,nom,prenom,email,mot_de_passe,adresse,numero_tel,niveau,genre,role,url_image
1,BenAli,Mohamed,mohamed.benali@padeltunis.com,hashedpw1,Adresse de Padel Arena Tunis,+21620111111,Avancé,H,P,https://example.com/p1.jpg
2,Kefi,Amira,amira.kefi@tunispadel.com,hashedpw2,Adresse de Tunis Padel Club,+21620222222,Intermédiaire,F,P,https://example.com/p2.jpg
3,Gharbi,Walid,walid.gharbi@greenpadel.com,hashedpw3,Adresse de Green Padel Ariana,+21620333333,Avancé,H,P,https://example.com/p3.jpg
4,Trabelsi,Rania,rania.trabelsi@arianasmash.com,hashedpw4,Adresse de Ariana Smash Padel,+21620444444,Débutant,F,P,https://example.com/p4.jpg
5,Maatoug,Slim,slim.maatoug@benarouspadel.com,hashedpw5,Adresse de Ben Arous Padel Center,+21620555555,Expert,H,P,https://example.com/p5.jpg
6,Bouzid,Leila,leila.bouzid@olyclub.com,hashedpw6,Adresse de Olympic Club Padel,+21620666666,Avancé,F,P,https://example.com/p6.jpg
7,Ferchichi,Nader,nader.ferchichi@manoubapadel.com,hashedpw7,Adresse de Manouba Padel House,+21620777777,Intermédiaire,H,P,https://example.com/p7.jpg
8,Mansour,Noura,noura.mansour@casadelpadel.com,hashedpw8,Adresse de Casa Del Padel,+21620888888,Débutant,F,P,https://example.com/p8.jpg
9,Brahim,Yassine,yassine.brahim@sfaxarena.com,hashedpw9,Adresse de Sfax Arena Padel,+21620999999,Expert,H,P,https://example.com/p9.jpg
10,Ksouri,Hana,hana.ksouri@soussepadel.com,hashedpw10,Adresse de Sousse Padel Club,+21620000001,Avancé,F,P,https://example.com/p10.jpg
11,Chatti,Amine,amine.chatti@padelsun.com,hashedpw11,Adresse de Padel Sun Sousse,+21620000002,Intermédiaire,H,P,https://example.com/p11.jpg
12,Debbabi,Syrine,syrine.debbabi@gabespadel.com,hashedpw12,Adresse de Gabès Padel Park,+21620000003,Débutant,F,P,https://example.com/p12.jpg
13,Neji,Omar,omar.neji@nabeulacademy.com,hashedpw13,Adresse de Nabeul Padel Academy,+21620000004,Avancé,H,P,https://example.com/p13.jpg
14,Mhiri,Nadia,nadia.mhiri@monastirresort.com,hashedpw14,Adresse de Monastir Padel Resort,+21620000005,Intermédiaire,F,P,https://example.com/p14.jpg
15,Slimane,Taher,taher.slimane@bizertecenter.com,hashedpw15,Adresse de Bizerte Padel Center,+21620000006,Expert,H,P,https://example.com/p15.jpg
